"variant_sku","style_code","name","color","size","qty","suggested_price","needs_price"
"VH-EP10-XL","VH-EP10","EARTH PLAIN 10","Mint Green","XL","2","1299",""
"VH-EP10-2XL","VH-EP10","EARTH PLAIN 10","Mint Green","2XL","2","1299",""
"VH-EP02-M","VH-EP02","EARTH PLAIN 02","Pale Pink","M","1","1299",""
"VH-EP02-L","VH-EP02","EARTH PLAIN 02","Pale Pink","L","2","1299",""
"VH-EP02-2XL","VH-EP02","EARTH PLAIN 02","Pale Pink","2XL","2","1299",""
"VH-EP04-L","VH-EP04","EARTH PLAIN 04","Light Sky Blue","L","1","1299",""
"VH-EP04-2XL","VH-EP04","EARTH PLAIN 04","Light Sky Blue","2XL","2","1299",""
"VH-EP06-2XL","VH-EP06","EARTH PLAIN 06","Cream","2XL","1","1299",""
"VH-EP09-L","VH-EP09","EARTH PLAIN 09","Mint Green","L","2","1299",""
"VH-EP09-XL","VH-EP09","EARTH PLAIN 09","Mint Green","XL","2","1299",""
"VH-EP09-2XL","VH-EP09","EARTH PLAIN 09","Mint Green","2XL","2","1299",""
"VH-DO68A-M","VH-DO68A","DOMINOZ 68 A","White Textured","M","2","1299",""
"VH-DO68A-L","VH-DO68A","DOMINOZ 68 A","White Textured","L","2","1299",""
"VH-DO68A-XL","VH-DO68A","DOMINOZ 68 A","White Textured","XL","1","1299",""
"VH-DO68A-2XL","VH-DO68A","DOMINOZ 68 A","White Textured","2XL","2","1299",""
"VH-DO68D-M","VH-DO68D","DOMINOZ 68 D","Sage Green Textured","M","2","1299",""
"VH-DO68D-L","VH-DO68D","DOMINOZ 68 D","Sage Green Textured","L","1","1299",""
"VH-DO68D-XL","VH-DO68D","DOMINOZ 68 D","Sage Green Textured","XL","3","1299",""
"VH-DO68D-2XL","VH-DO68D","DOMINOZ 68 D","Sage Green Textured","2XL","1","1299",""
"VH-DO68C-M","VH-DO68C","DOMINOZ 68 C","Taupe Textured","M","2","1299",""
"VH-DO68C-L","VH-DO68C","DOMINOZ 68 C","Taupe Textured","L","1","1299",""
"VH-DO68C-XL","VH-DO68C","DOMINOZ 68 C","Taupe Textured","XL","2","1299",""
"VH-DO68C-2XL","VH-DO68C","DOMINOZ 68 C","Taupe Textured","2XL","1","1299",""
"VH-DO68B-L","VH-DO68B","DOMINOZ 68 B","Charcoal Textured","L","2","1299",""
"VH-DO68B-XL","VH-DO68B","DOMINOZ 68 B","Charcoal Textured","XL","3","1299",""
"VH-DO68B-2XL","VH-DO68B","DOMINOZ 68 B","Charcoal Textured","2XL","1","1299",""
"VH-DO68F-M","VH-DO68F","DOMINOZ 68 F","Deep Plum Textured","M","2","1299",""
"VH-DO68F-L","VH-DO68F","DOMINOZ 68 F","Deep Plum Textured","L","3","1299",""
"VH-DO68F-XL","VH-DO68F","DOMINOZ 68 F","Deep Plum Textured","XL","3","1299",""
"VH-DO68F-2XL","VH-DO68F","DOMINOZ 68 F","Deep Plum Textured","2XL","2","1299",""
"VH-DO68E-M","VH-DO68E","DOMINOZ 68 E","Deep Burgundy Textured","M","2","1299",""
"VH-DO68E-L","VH-DO68E","DOMINOZ 68 E","Deep Burgundy Textured","L","2","1299",""
"VH-DO68E-XL","VH-DO68E","DOMINOZ 68 E","Deep Burgundy Textured","XL","2","1299",""
"VH-DO68E-2XL","VH-DO68E","DOMINOZ 68 E","Deep Burgundy Textured","2XL","2","1299",""
"VH-FODN38180A-M","VH-FODN38180A","FORCE DN38180 A","Grey and Yellow","M","2","1499",""
"VH-FODN38180A-L","VH-FODN38180A","FORCE DN38180 A","Grey and Yellow","L","2","1499",""
"VH-FODN38180A-XL","VH-FODN38180A","FORCE DN38180 A","Grey and Yellow","XL","3","1499",""
"VH-FODN38180B-M","VH-FODN38180B","FORCE DN38180 B","Soft Yellow","M","2","1499",""
"VH-FODN38180B-L","VH-FODN38180B","FORCE DN38180 B","Soft Yellow","L","3","1499",""
"VH-FODN38180B-XL","VH-FODN38180B","FORCE DN38180 B","Soft Yellow","XL","3","1499",""
"VH-FODN38180B-2XL","VH-FODN38180B","FORCE DN38180 B","Soft Yellow","2XL","1","1499",""
"VH-FO10326B-M","VH-FO10326B","FORCE 10326 B","Black and Gray","M","2","1499",""
"VH-FO10326B-L","VH-FO10326B","FORCE 10326 B","Black and Gray","L","3","1499",""
"VH-FO10326B-XL","VH-FO10326B","FORCE 10326 B","Black and Gray","XL","3","1499",""
"VH-FO10326B-2XL","VH-FO10326B","FORCE 10326 B","Black and Gray","2XL","2","1499",""
"VH-FO10326A-M","VH-FO10326A","FORCE 10326 A","Teal and Gray","M","1","1499",""
"VH-FO10326A-L","VH-FO10326A","FORCE 10326 A","Teal and Gray","L","2","1499",""
"VH-FO10326A-XL","VH-FO10326A","FORCE 10326 A","Teal and Gray","XL","4","1499",""
"VH-FO10326A-2XL","VH-FO10326A","FORCE 10326 A","Teal and Gray","2XL","1","1499",""
"VH-GS1001A-M","VH-GS1001A","GUESS 1001 A","Charcoal Plaid","M","2","1499",""
"VH-GS1001A-L","VH-GS1001A","GUESS 1001 A","Charcoal Plaid","L","2","1499",""
"VH-GS1001A-XL","VH-GS1001A","GUESS 1001 A","Charcoal Plaid","XL","2","1499",""
"VH-GS1001A-2XL","VH-GS1001A","GUESS 1001 A","Charcoal Plaid","2XL","2","1499",""
"VH-GS97B-M","VH-GS97B","GUESS 97 B","Pink and Blue Plaid","M","2","1499",""
"VH-GS97B-L","VH-GS97B","GUESS 97 B","Pink and Blue Plaid","L","2","1499",""
"VH-GS97B-XL","VH-GS97B","GUESS 97 B","Pink and Blue Plaid","XL","3","1499",""
"VH-GS97B-2XL","VH-GS97B","GUESS 97 B","Pink and Blue Plaid","2XL","2","1499",""
"VH-GS97A-M","VH-GS97A","GUESS 97 A","Yellow Blue Checkered","M","2","1499",""
"VH-GS97A-L","VH-GS97A","GUESS 97 A","Yellow Blue Checkered","L","3","1499",""
"VH-GS97A-XL","VH-GS97A","GUESS 97 A","Yellow Blue Checkered","XL","3","1499",""
"VH-GS97A-2XL","VH-GS97A","GUESS 97 A","Yellow Blue Checkered","2XL","2","1499",""
"VH-GS1001B-L","VH-GS1001B","GUESS 1001 B","Olive Green Plaid","L","3","1499",""
"VH-GS1001B-XL","VH-GS1001B","GUESS 1001 B","Olive Green Plaid","XL","2","1499",""
"VH-GS1001B-2XL","VH-GS1001B","GUESS 1001 B","Olive Green Plaid","2XL","2","1499",""
"VH-HI38032B-M","VH-HI38032B","HILTON 38032 B","Dark Plaid","M","2","1499",""
"VH-HI38032B-L","VH-HI38032B","HILTON 38032 B","Dark Plaid","L","3","1499",""
"VH-HI38032B-XL","VH-HI38032B","HILTON 38032 B","Dark Plaid","XL","3","1499",""
"VH-HI38032B-2XL","VH-HI38032B","HILTON 38032 B","Dark Plaid","2XL","2","1499",""
"VH-HI38032A-M","VH-HI38032A","HILTON 38032 A","Dark Green","M","2","1499",""
"VH-HI38032A-L","VH-HI38032A","HILTON 38032 A","Dark Green","L","3","1499",""
"VH-HI38032A-XL","VH-HI38032A","HILTON 38032 A","Dark Green","XL","3","1499",""
"VH-HI38032A-2XL","VH-HI38032A","HILTON 38032 A","Dark Green","2XL","2","1499",""
"VH-HI38034A-M","VH-HI38034A","HILTON 38034 A","Gray Pink","M","1","1499",""
"VH-HI38034A-L","VH-HI38034A","HILTON 38034 A","Gray Pink","L","3","1499",""
"VH-HI38034A-XL","VH-HI38034A","HILTON 38034 A","Gray Pink","XL","3","1499",""
"VH-HI38034A-2XL","VH-HI38034A","HILTON 38034 A","Gray Pink","2XL","2","1499",""
"VH-HI38034B-M","VH-HI38034B","HILTON 38034 B","Light Blue","M","2","1499",""
"VH-HI38034B-L","VH-HI38034B","HILTON 38034 B","Light Blue","L","2","1499",""
"VH-HI38034B-XL","VH-HI38034B","HILTON 38034 B","Light Blue","XL","2","1499",""
"VH-HI38034B-2XL","VH-HI38034B","HILTON 38034 B","Light Blue","2XL","2","1499",""
"VH-KN91-M","VH-KN91","KNOT 91","Dark Green Floral Printed Linen-Cotton Blend Regular Fit Shirt","M","2","1899",""
"VH-KN91-L","VH-KN91","KNOT 91","Dark Green Floral Printed Linen-Cotton Blend Regular Fit Shirt","L","3","1899",""
"VH-KN91-XL","VH-KN91","KNOT 91","Dark Green Floral Printed Linen-Cotton Blend Regular Fit Shirt","XL","3","1899",""
"VH-KN91-2XL","VH-KN91","KNOT 91","Dark Green Floral Printed Linen-Cotton Blend Regular Fit Shirt","2XL","2","1899",""
"VH-KN84-M","VH-KN84","KNOT 84","Black Floral Printed Linen-Cotton Blend Relaxed Fit Shirt","M","2","1899",""
"VH-KN84-L","VH-KN84","KNOT 84","Black Floral Printed Linen-Cotton Blend Relaxed Fit Shirt","L","3","1899",""
"VH-KN84-XL","VH-KN84","KNOT 84","Black Floral Printed Linen-Cotton Blend Relaxed Fit Shirt","XL","3","1899",""
"VH-KN84-2XL","VH-KN84","KNOT 84","Black Floral Printed Linen-Cotton Blend Relaxed Fit Shirt","2XL","1","1899",""
"VH-KN83-M","VH-KN83","KNOT 83","Brown Botanical Print Linen Blend Regular Fit Shirt","M","2","1899",""
"VH-KN83-L","VH-KN83","KNOT 83","Brown Botanical Print Linen Blend Regular Fit Shirt","L","2","1899",""
"VH-KN83-XL","VH-KN83","KNOT 83","Brown Botanical Print Linen Blend Regular Fit Shirt","XL","4","1899",""
"VH-KN83-2XL","VH-KN83","KNOT 83","Brown Botanical Print Linen Blend Regular Fit Shirt","2XL","2","1899",""
"VH-KN81-M","VH-KN81","KNOT 81","Brown Floral Pattern Linen-Cotton Blend Regular Fit Shirt","M","1","1899",""
"VH-KN81-L","VH-KN81","KNOT 81","Brown Floral Pattern Linen-Cotton Blend Regular Fit Shirt","L","4","1899",""
"VH-KN81-XL","VH-KN81","KNOT 81","Brown Floral Pattern Linen-Cotton Blend Regular Fit Shirt","XL","4","1899",""
"VH-KN81-2XL","VH-KN81","KNOT 81","Brown Floral Pattern Linen-Cotton Blend Regular Fit Shirt","2XL","2","1899",""
"VH-OPL07-M","VH-OPL07","OXFORD POLY LYCRA 07","White","M","2","1299",""
"VH-OPL07-XL","VH-OPL07","OXFORD POLY LYCRA 07","White","XL","1","1299",""
"VH-OPL02-M","VH-OPL02","OXFORD POLY LYCRA 02","Black","M","1","1299",""
"VH-OPL02-L","VH-OPL02","OXFORD POLY LYCRA 02","Black","L","3","1299",""
"VH-OPL02-XL","VH-OPL02","OXFORD POLY LYCRA 02","Black","XL","3","1299",""
"VH-OPL02-2XL","VH-OPL02","OXFORD POLY LYCRA 02","Black","2XL","1","1299",""
"VH-OPL12-M","VH-OPL12","OXFORD POLY LYCRA 012","Forest Green","M","2","1299",""
"VH-OPL12-L","VH-OPL12","OXFORD POLY LYCRA 012","Forest Green","L","1","1299",""
"VH-OPL12-2XL","VH-OPL12","OXFORD POLY LYCRA 012","Forest Green","2XL","2","1299",""
"VH-OPL03-M","VH-OPL03","OXFORD POLY LYCRA 03","Navy","M","2","1299",""
"VH-OPL03-L","VH-OPL03","OXFORD POLY LYCRA 03","Navy","L","3","1299",""
"VH-OPL03-XL","VH-OPL03","OXFORD POLY LYCRA 03","Navy","XL","3","1299",""
"VH-OPL03-2XL","VH-OPL03","OXFORD POLY LYCRA 03","Navy","2XL","2","1299",""
"VH-OPL09-M","VH-OPL09","OXFORD POLY LYCRA 09","Olive","M","1","1299",""
"VH-OPL09-L","VH-OPL09","OXFORD POLY LYCRA 09","Olive","L","2","1299",""
"VH-OPL09-XL","VH-OPL09","OXFORD POLY LYCRA 09","Olive","XL","2","1299",""
"VH-OPL09-2XL","VH-OPL09","OXFORD POLY LYCRA 09","Olive","2XL","1","1299",""
"VH-OPL15-M","VH-OPL15","OXFORD POLY LYCRA 015","Muted Mauve","M","2","1299",""
"VH-OPL15-L","VH-OPL15","OXFORD POLY LYCRA 015","Muted Mauve","L","4","1299",""
"VH-OPL15-XL","VH-OPL15","OXFORD POLY LYCRA 015","Muted Mauve","XL","3","1299",""
"VH-LL07-M","VH-LL07","LIO LINEN 07","Mustard","M","1","1299",""
"VH-LL07-L","VH-LL07","LIO LINEN 07","Mustard","L","1","1299",""
"VH-LL07-XL","VH-LL07","LIO LINEN 07","Mustard","XL","1","1299",""
"VH-LL22-M","VH-LL22","LIO LINEN 22","Cream","M","2","1299",""
"VH-LL22-XL","VH-LL22","LIO LINEN 22","Cream","XL","1","1299",""
"VH-LT02A-M","VH-LT02A","LOTUS 02 A","Mint Green","M","1","1499",""
"VH-LT02A-L","VH-LT02A","LOTUS 02 A","Mint Green","L","1","1499",""
"VH-LT02B-M","VH-LT02B","LOTUS 02 B","Light Blue","M","2","1499",""
"VH-LT02B-L","VH-LT02B","LOTUS 02 B","Light Blue","L","3","1499",""
"VH-LT02B-XL","VH-LT02B","LOTUS 02 B","Light Blue","XL","2","1499",""
"VH-LT02B-2XL","VH-LT02B","LOTUS 02 B","Light Blue","2XL","1","1499",""
"VH-SP06-M","VH-SP06","SPARROW 06","Dusty Rose","M","1","1299",""
"VH-SP06-L","VH-SP06","SPARROW 06","Dusty Rose","L","2","1299",""
"VH-SP06-XL","VH-SP06","SPARROW 06","Dusty Rose","XL","2","1299",""
"VH-SP06-2XL","VH-SP06","SPARROW 06","Dusty Rose","2XL","1","1299",""
"VH-SP03-L","VH-SP03","SPARROW 03","Slate Blue","L","2","1299",""
"VH-SP03-XL","VH-SP03","SPARROW 03","Slate Blue","XL","3","1299",""
"VH-SP03-2XL","VH-SP03","SPARROW 03","Slate Blue","2XL","2","1299",""
"VH-SP04-M","VH-SP04","SPARROW 04","Light Gray","M","3","1299",""
"VH-SP04-XL","VH-SP04","SPARROW 04","Light Gray","XL","1","1299",""
"VH-SP04-2XL","VH-SP04","SPARROW 04","Light Gray","2XL","2","1299",""
"VH-SP05-M","VH-SP05","SPARROW 05","Olive Green","M","2","1299",""
"VH-SP05-L","VH-SP05","SPARROW 05","Olive Green","L","2","1299",""
"VH-SP05-2XL","VH-SP05","SPARROW 05","Olive Green","2XL","1","1299",""
"VH-SC44B-M","VH-SC44B","SUPERCOOL 44B","Teal Striped","M","1","1499",""
"VH-SC44B-L","VH-SC44B","SUPERCOOL 44B","Teal Striped","L","3","1499",""
"VH-SC44B-XL","VH-SC44B","SUPERCOOL 44B","Teal Striped","XL","2","1499",""
"VH-SC44B-2XL","VH-SC44B","SUPERCOOL 44B","Teal Striped","2XL","1","1499",""
"VH-SC44A-M","VH-SC44A","SUPERCOOL 44A","Steel Blue Striped","M","1","1499",""
"VH-SC44A-L","VH-SC44A","SUPERCOOL 44A","Steel Blue Striped","L","1","1499",""
"VH-SC44A-XL","VH-SC44A","SUPERCOOL 44A","Steel Blue Striped","XL","2","1499",""
"VH-SC43B-M","VH-SC43B","SUPERCOOL 43B","Beige and Charcoal Striped","M","2","1499",""
"VH-SC43B-L","VH-SC43B","SUPERCOOL 43B","Beige and Charcoal Striped","L","3","1499",""
"VH-SC43B-XL","VH-SC43B","SUPERCOOL 43B","Beige and Charcoal Striped","XL","3","1499",""
"VH-SC43B-2XL","VH-SC43B","SUPERCOOL 43B","Beige and Charcoal Striped","2XL","2","1499",""
"VH-SC43A-M","VH-SC43A","SUPERCOOL 43A","Beige and Brown Vertical Stripe","M","2","1499",""
"VH-SC43A-L","VH-SC43A","SUPERCOOL 43A","Beige and Brown Vertical Stripe","L","3","1499",""
"VH-SC43A-XL","VH-SC43A","SUPERCOOL 43A","Beige and Brown Vertical Stripe","XL","3","1499",""
"VH-SC43A-2XL","VH-SC43A","SUPERCOOL 43A","Beige and Brown Vertical Stripe","2XL","1","1499",""
"VH-SC39B-M","VH-SC39B","SUPERCOOL 39B","Black and White Striped Stretch","M","2","1499",""
"VH-SC39B-L","VH-SC39B","SUPERCOOL 39B","Black and White Striped Stretch","L","2","1499",""
"VH-SC39B-XL","VH-SC39B","SUPERCOOL 39B","Black and White Striped Stretch","XL","1","1499",""
"VH-SC39B-2XL","VH-SC39B","SUPERCOOL 39B","Black and White Striped Stretch","2XL","2","1499",""
"VH-SC39A-M","VH-SC39A","SUPERCOOL 39A","White and Black Vertical Stripe","M","1","1499",""
"VH-SC39A-L","VH-SC39A","SUPERCOOL 39A","White and Black Vertical Stripe","L","2","1499",""
"VH-SC39A-XL","VH-SC39A","SUPERCOOL 39A","White and Black Vertical Stripe","XL","1","1499",""
"VH-SC39A-2XL","VH-SC39A","SUPERCOOL 39A","White and Black Vertical Stripe","2XL","1","1499",""
"VH-SC58B-L","VH-SC58B","SUPERCOOL 58B","White Striped","L","3","1499",""
"VH-SC58B-XL","VH-SC58B","SUPERCOOL 58B","White Striped","XL","2","1499",""
"VH-SC58A-M","VH-SC58A","SUPERCOOL 58A","Ivory","M","1","1499",""
"VH-SC58A-L","VH-SC58A","SUPERCOOL 58A","Ivory","L","1","1499",""
"VH-SC58A-XL","VH-SC58A","SUPERCOOL 58A","Ivory","XL","3","1499",""
"VH-SC58A-2XL","VH-SC58A","SUPERCOOL 58A","Ivory","2XL","1","1499",""
"VH-MIX5B34A-M","VH-MIX5B34A","MILANO X5B34A","Burnt Sienna Abstract Pattern Smooth","M","2","999",""
"VH-MIX5B34A-L","VH-MIX5B34A","MILANO X5B34A","Burnt Sienna Abstract Pattern Smooth","L","4","999",""
"VH-MIX5B34A-XL","VH-MIX5B34A","MILANO X5B34A","Burnt Sienna Abstract Pattern Smooth","XL","4","999",""
"VH-MIX5B34A-2XL","VH-MIX5B34A","MILANO X5B34A","Burnt Sienna Abstract Pattern Smooth","2XL","1","999",""
"VH-MIY5F044B-L","VH-MIY5F044B","MILANO Y5F044B","Black Geometric Stripe","L","4","999",""
"VH-MIY5F044B-XL","VH-MIY5F044B","MILANO Y5F044B","Black Geometric Stripe","XL","4","999",""
"VH-MIY5F044B-2XL","VH-MIY5F044B","MILANO Y5F044B","Black Geometric Stripe","2XL","1","999",""
"VH-MIZ5H98E-M","VH-MIZ5H98E","MILANO Z5H98E","Orange Pink Plaid","M","2","999",""
"VH-MIZ5H98E-L","VH-MIZ5H98E","MILANO Z5H98E","Orange Pink Plaid","L","4","999",""
"VH-MIZ5H98E-XL","VH-MIZ5H98E","MILANO Z5H98E","Orange Pink Plaid","XL","4","999",""
"VH-MIZ5H98E-2XL","VH-MIZ5H98E","MILANO Z5H98E","Orange Pink Plaid","2XL","2","999",""
"VH-MIZ5B215B-M","VH-MIZ5B215B","MILANO MIZ5B215B","Black Multicolored Floral","M","1","999",""
"VH-MIZ5B215B-L","VH-MIZ5B215B","MILANO MIZ5B215B","Black Multicolored Floral","L","1","999",""
"VH-MIZ5B215B-XL","VH-MIZ5B215B","MILANO MIZ5B215B","Black Multicolored Floral","XL","3","999",""
"VH-MIZ5B215B-2XL","VH-MIZ5B215B","MILANO MIZ5B215B","Black Multicolored Floral","2XL","1","999",""
"VH-MIZ5F78-M","VH-MIZ5F78","MILANO Z5F78","Black Abstract Pattern","M","2","999",""
"VH-MIZ5F78-L","VH-MIZ5F78","MILANO Z5F78","Black Abstract Pattern","L","2","999",""
"VH-MIZ5F78-XL","VH-MIZ5F78","MILANO Z5F78","Black Abstract Pattern","XL","3","999",""
"VH-MIZ5F78-2XL","VH-MIZ5F78","MILANO Z5F78","Black Abstract Pattern","2XL","2","999",""
"VH-EP63B-M","VH-EP63B","EPSON 63 B","Brown","M","1","1499",""
"VH-EP63B-L","VH-EP63B","EPSON 63 B","Brown","L","2","1499",""
"VH-EP63B-XL","VH-EP63B","EPSON 63 B","Brown","XL","3","1499",""
"VH-EP63B-2XL","VH-EP63B","EPSON 63 B","Brown","2XL","2","1499",""
"VH-EP63A-M","VH-EP63A","EPSON 63 A","Gray","M","2","1499",""
"VH-EP63A-L","VH-EP63A","EPSON 63 A","Gray","L","2","1499",""
"VH-EP63A-XL","VH-EP63A","EPSON 63 A","Gray","XL","2","1499",""
"VH-EP63A-2XL","VH-EP63A","EPSON 63 A","Gray","2XL","1","1499",""
"VH-EP65A-M","VH-EP65A","EPSON 65 A","White and Pink","M","1","1499",""
"VH-EP65A-L","VH-EP65A","EPSON 65 A","White and Pink","L","3","1499",""
"VH-EP65A-XL","VH-EP65A","EPSON 65 A","White and Pink","XL","3","1499",""
"VH-EP65A-2XL","VH-EP65A","EPSON 65 A","White and Pink","2XL","2","1499",""
"VH-EP65B-M","VH-EP65B","EPSON 65 B","White and Blue","M","2","1499",""
"VH-EP65B-L","VH-EP65B","EPSON 65 B","White and Blue","L","3","1499",""
"VH-EP65B-XL","VH-EP65B","EPSON 65 B","White and Blue","XL","3","1499",""
"VH-EP65B-2XL","VH-EP65B","EPSON 65 B","White and Blue","2XL","2","1499",""
"VH-PO91452A-M","VH-PO91452A","POLO 91452 A","Pastel Pink","M","2","1499",""
"VH-PO91452A-L","VH-PO91452A","POLO 91452 A","Pastel Pink","L","2","1499",""
"VH-PO91452A-XL","VH-PO91452A","POLO 91452 A","Pastel Pink","XL","2","1499",""
"VH-PO91452A-2XL","VH-PO91452A","POLO 91452 A","Pastel Pink","2XL","2","1499",""
"VH-PO91452B-M","VH-PO91452B","POLO 91452 B","Light Blue and Peach","M","2","1499",""
"VH-PO91452B-L","VH-PO91452B","POLO 91452 B","Light Blue and Peach","L","3","1499",""
"VH-PO91452B-XL","VH-PO91452B","POLO 91452 B","Light Blue and Peach","XL","1","1499",""
"VH-PO91452B-2XL","VH-PO91452B","POLO 91452 B","Light Blue and Peach","2XL","2","1499",""
"VH-PO91433A-M","VH-PO91433A","POLO 91433A","Grey","M","2","1499",""
"VH-PO91433A-L","VH-PO91433A","POLO 91433A","Grey","L","2","1499",""
"VH-PO91433A-XL","VH-PO91433A","POLO 91433A","Grey","XL","2","1499",""
"VH-PO91433A-2XL","VH-PO91433A","POLO 91433A","Grey","2XL","2","1499",""
"VH-PO91433B-M","VH-PO91433B","POLO 91433B","Beige and White","M","2","1499",""
"VH-PO91433B-L","VH-PO91433B","POLO 91433B","Beige and White","L","1","1499",""
"VH-PO91433B-XL","VH-PO91433B","POLO 91433B","Beige and White","XL","2","1499",""
"VH-PO91433B-2XL","VH-PO91433B","POLO 91433B","Beige and White","2XL","2","1499",""
"VH-PO91440B-M","VH-PO91440B","POLO 91440 B","Beige","M","2","1499",""
"VH-PO91440B-L","VH-PO91440B","POLO 91440 B","Beige","L","3","1499",""
"VH-PO91440B-XL","VH-PO91440B","POLO 91440 B","Beige","XL","3","1499",""
"VH-PO91440B-2XL","VH-PO91440B","POLO 91440 B","Beige","2XL","2","1499",""
"VH-PO91130A-M","VH-PO91130A","POLO 91130 A","Blue and White","M","2","1499",""
"VH-PO91130A-L","VH-PO91130A","POLO 91130 A","Blue and White","L","2","1499",""
"VH-PO91130A-XL","VH-PO91130A","POLO 91130 A","Blue and White","XL","3","1499",""
"VH-PO91130A-2XL","VH-PO91130A","POLO 91130 A","Blue and White","2XL","2","1499",""
"VH-PO91130B-M","VH-PO91130B","POLO 91130 B","Burgundy ","M","2","1499",""
"VH-PO91130B-L","VH-PO91130B","POLO 91130 B","Burgundy ","L","3","1499",""
"VH-PO91130B-XL","VH-PO91130B","POLO 91130 B","Burgundy ","XL","2","1499",""
"VH-PO91130B-2XL","VH-PO91130B","POLO 91130 B","Burgundy ","2XL","2","1499",""
"VH-PO91422A-M","VH-PO91422A","POLO 91422A","Mint Green","M","2","1499",""
"VH-PO91422A-L","VH-PO91422A","POLO 91422A","Mint Green","L","3","1499",""
"VH-PO91422A-XL","VH-PO91422A","POLO 91422A","Mint Green","XL","3","1499",""
"VH-PO91422A-2XL","VH-PO91422A","POLO 91422A","Mint Green","2XL","1","1499",""
"VH-PO91422B-M","VH-PO91422B","POLO 91422B","Pastel Multicolor","M","2","1499",""
"VH-PO91422B-L","VH-PO91422B","POLO 91422B","Pastel Multicolor","L","3","1499",""
"VH-PO91422B-XL","VH-PO91422B","POLO 91422B","Pastel Multicolor","XL","3","1499",""
"VH-PO91422B-2XL","VH-PO91422B","POLO 91422B","Pastel Multicolor","2XL","2","1499",""
"VH-SA38160A-M","VH-SA38160A","SATELLITE 38160 A","Black and White","M","2","1499",""
"VH-SA38160A-L","VH-SA38160A","SATELLITE 38160 A","Black and White","L","3","1499",""
"VH-SA38160A-XL","VH-SA38160A","SATELLITE 38160 A","Black and White","XL","2","1499",""
"VH-SA38160B-M","VH-SA38160B","SATELLITE 38160 B","Dark Green Checkered","M","2","1499",""
"VH-SA38160B-L","VH-SA38160B","SATELLITE 38160 B","Dark Green Checkered","L","3","1499",""
"VH-SA38160B-XL","VH-SA38160B","SATELLITE 38160 B","Dark Green Checkered","XL","2","1499",""
"VH-SA38160B-2XL","VH-SA38160B","SATELLITE 38160 B","Dark Green Checkered","2XL","2","1499",""
"VH-SA38158B-M","VH-SA38158B","SATELLITE 38158 B","Beige and Gray","M","2","1499",""
"VH-SA38158B-L","VH-SA38158B","SATELLITE 38158 B","Beige and Gray","L","3","1499",""
"VH-SA38158B-XL","VH-SA38158B","SATELLITE 38158 B","Beige and Gray","XL","3","1499",""
"VH-SA38158B-2XL","VH-SA38158B","SATELLITE 38158 B","Beige and Gray","2XL","2","1499",""
"VH-SA38158A-M","VH-SA38158A","SATELLITE 38158 A","Pastel Green and Gray","M","2","1499",""
"VH-SA38158A-L","VH-SA38158A","SATELLITE 38158 A","Pastel Green and Gray","L","3","1499",""
"VH-SA38158A-XL","VH-SA38158A","SATELLITE 38158 A","Pastel Green and Gray","XL","3","1499",""
"VH-SA38158A-2XL","VH-SA38158A","SATELLITE 38158 A","Pastel Green and Gray","2XL","2","1499",""
"VH-PLTZ5H165C-M","VH-PLTZ5H165C","PLATINUM Z5H165 C","Mint Green","M","2","999",""
"VH-PLTZ5H165C-L","VH-PLTZ5H165C","PLATINUM Z5H165 C","Mint Green","L","3","999",""
"VH-PLTZ5H165C-XL","VH-PLTZ5H165C","PLATINUM Z5H165 C","Mint Green","XL","3","999",""
"VH-PLTZ5H165C-2XL","VH-PLTZ5H165C","PLATINUM Z5H165 C","Mint Green","2XL","2","999",""
"VH-PLTZ5H165A-M","VH-PLTZ5H165A","PLATINUM Z5H165 A","Peach Pinstripe","M","2","999",""
"VH-PLTZ5H165A-L","VH-PLTZ5H165A","PLATINUM Z5H165 A","Peach Pinstripe","L","3","999",""
"VH-PLTZ5H165A-XL","VH-PLTZ5H165A","PLATINUM Z5H165 A","Peach Pinstripe","XL","3","999",""
"VH-PLTZ5H165A-2XL","VH-PLTZ5H165A","PLATINUM Z5H165 A","Peach Pinstripe","2XL","2","999",""
"VH-PLTY5B129A-M","VH-PLTY5B129A","PLATINUM Y5B129 A","White","M","2","999",""
"VH-PLTY5B129A-L","VH-PLTY5B129A","PLATINUM Y5B129 A","White","L","1","999",""
"VH-PLTY5B129A-XL","VH-PLTY5B129A","PLATINUM Y5B129 A","White","XL","2","999",""
"VH-PLTY5B129A-2XL","VH-PLTY5B129A","PLATINUM Y5B129 A","White","2XL","2","999",""
"VH-TS38024A-M","VH-TS38024A","TISSOT 38024 A","Cream and Brown","M","1","1499",""
"VH-TS38024A-L","VH-TS38024A","TISSOT 38024 A","Cream and Brown","L","2","1499",""
"VH-TS38024A-XL","VH-TS38024A","TISSOT 38024 A","Cream and Brown","XL","3","1499",""
"VH-TS38024A-2XL","VH-TS38024A","TISSOT 38024 A","Cream and Brown","2XL","2","1499",""
"VH-TS38024B-M","VH-TS38024B","TISSOT 38024 B","White and Blue","M","2","1499",""
"VH-TS38024B-L","VH-TS38024B","TISSOT 38024 B","White and Blue","L","2","1499",""
"VH-TS38024B-XL","VH-TS38024B","TISSOT 38024 B","White and Blue","XL","3","1499",""
"VH-TS38024B-2XL","VH-TS38024B","TISSOT 38024 B","White and Blue","2XL","2","1499",""
"VH-EP70A-XL","VH-EP70A","EPSON 70 A","Dark Brown","XL","2","1499",""
"VH-EP70A-2XL","VH-EP70A","EPSON 70 A","Dark Brown","2XL","2","1499",""
"VH-EP70B-XL","VH-EP70B","EPSON 70 B","Burgundy","XL","2","1499",""
"VH-PLY5C026B-M","VH-PLY5C026B","PLAY Y5C026B","Ivory and Olive Patterned Linen Blend Short Sleeve Shirt","M","1","999",""
"VH-PLY5C026B-XL","VH-PLY5C026B","PLAY Y5C026B","Ivory and Olive Patterned Linen Blend Short Sleeve Shirt","XL","1","999",""
"VH-PLY5C026B-2XL","VH-PLY5C026B","PLAY Y5C026B","Ivory and Olive Patterned Linen Blend Short Sleeve Shirt","2XL","2","999",""
"VH-MLXY5E102A-M","VH-MLXY5E102A","Milange lycra XY5E102A","Gray Floral","M","2","999",""
"VH-MLXY5E102A-L","VH-MLXY5E102A","Milange lycra XY5E102A","Gray Floral","L","3","999",""
"VH-MLXY5E102A-XL","VH-MLXY5E102A","Milange lycra XY5E102A","Gray Floral","XL","4","999",""
"VH-MLXY5E102A-2XL","VH-MLXY5E102A","Milange lycra XY5E102A","Gray Floral","2XL","1","999",""
"VH-MIZ5A10A-M","VH-MIZ5A10A","MILANO Z5A10A","Taupe Abstract Pattern Smooth","M","2","999",""
"VH-MIZ5A10A-L","VH-MIZ5A10A","MILANO Z5A10A","Taupe Abstract Pattern Smooth","L","4","999",""
"VH-MIZ5A10A-XL","VH-MIZ5A10A","MILANO Z5A10A","Taupe Abstract Pattern Smooth","XL","4","999",""
"VH-MIZ5A10A-2XL","VH-MIZ5A10A","MILANO Z5A10A","Taupe Abstract Pattern Smooth","2XL","2","999",""
"VH-MIR5C09B-M","VH-MIR5C09B","MILANO R5C09B","Multicolor Watercolor Print","M","2","999",""
"VH-MIR5C09B-L","VH-MIR5C09B","MILANO R5C09B","Multicolor Watercolor Print","L","4","999",""
"VH-MIR5C09B-XL","VH-MIR5C09B","MILANO R5C09B","Multicolor Watercolor Print","XL","4","999",""
"VH-MIR5C09B-2XL","VH-MIR5C09B","MILANO R5C09B","Multicolor Watercolor Print","2XL","2","999",""
"VH-PLV5197A-M","VH-PLV5197A","PLAY V5197A","","M","2",,"YES"
"VH-PLV5197A-L","VH-PLV5197A","PLAY V5197A","","L","2",,"YES"
"VH-PLV5197A-XL","VH-PLV5197A","PLAY V5197A","","XL","3",,"YES"
"VH-PLV5197A-2XL","VH-PLV5197A","PLAY V5197A","","2XL","1",,"YES"
"VH-PLZ5I179A-M","VH-PLZ5I179A","PLAY Z5I179","Floral","M","2","999",""
"VH-PLZ5I179A-L","VH-PLZ5I179A","PLAY Z5I179","Floral","L","1","999",""
"VH-PLZ5I179A-XL","VH-PLZ5I179A","PLAY Z5I179","Floral","XL","3","999",""
"VH-PLZ5I179A-2XL","VH-PLZ5I179A","PLAY Z5I179","Floral","2XL","2","999",""
"VH-PLZ5C19A-M","VH-PLZ5C19A","PLAY Z5C19A","Off-White Patterned Linen Blend Regular Fit Shirt","M","2","999",""
"VH-PLZ5C19A-L","VH-PLZ5C19A","PLAY Z5C19A","Off-White Patterned Linen Blend Regular Fit Shirt","L","4","999",""
"VH-PLZ5C19A-XL","VH-PLZ5C19A","PLAY Z5C19A","Off-White Patterned Linen Blend Regular Fit Shirt","XL","4","999",""
"VH-PLZ5C19A-2XL","VH-PLZ5C19A","PLAY Z5C19A","Off-White Patterned Linen Blend Regular Fit Shirt","2XL","2","999",""
"VH-X5C28A-M","VH-X5C28A","PLAY X5C28A","","M","1",,"YES"
"VH-X5C28A-L","VH-X5C28A","PLAY X5C28A","","L","3",,"YES"
"VH-X5C28A-2XL","VH-X5C28A","PLAY X5C28A","","2XL","1",,"YES"
"VH-Y5A183B-M","VH-Y5A183B","PLAY Y5A183B","","M","1",,"YES"
"VH-Y5A183B-L","VH-Y5A183B","PLAY Y5A183B","","L","3",,"YES"
"VH-Y5A183B-XL","VH-Y5A183B","PLAY Y5A183B","","XL","1",,"YES"
"VH-Y5A183B-2XL","VH-Y5A183B","PLAY Y5A183B","","2XL","2",,"YES"
"VH-PLZ5I140A-M","VH-PLZ5I140A","PLAY Z5I140A","White Botanical Print Linen Blend Regular Fit Shirt","M","1","999",""
"VH-PLZ5I140A-L","VH-PLZ5I140A","PLAY Z5I140A","White Botanical Print Linen Blend Regular Fit Shirt","L","2","999",""
"VH-PLZ5I140A-XL","VH-PLZ5I140A","PLAY Z5I140A","White Botanical Print Linen Blend Regular Fit Shirt","XL","4","999",""
"VH-PLZ5I140A-2XL","VH-PLZ5I140A","PLAY Z5I140A","White Botanical Print Linen Blend Regular Fit Shirt","2XL","2","999",""
"VH-VTZ5G67A-M","VH-VTZ5G67A","VELVET TOUCH Z5G67A","Teal Pixel","M","1","999",""
"VH-VTZ5G67A-L","VH-VTZ5G67A","VELVET TOUCH Z5G67A","Teal Pixel","L","2","999",""
